title,address,madori,fee,floor
ＧＲＡＣＩＡ光,愛知県豊田市井上町１２,2LDK,6.5万円,1階
アンスリール　島姫,愛知県豊田市上郷町島姫,2LDK,7.2万円,2階
Ｃａｓａ　ｎｕｏｖａ　南平,愛知県豊田市浄水町南平,2LDK,7.8万円,1階
パークアヴェニュー美里,愛知県豊田市美里５,2LDK,6.9万円,4階
L’espoir,愛知県豊田市浄水町伊保原,ワンルーム,6.8万円,1階
L’espoir,愛知県豊田市浄水町伊保原,ワンルーム,6.9万円,2階
レトア　タンポポ,愛知県豊田市明和町２,1K,4.9万円,2階
ヴェルティック,愛知県豊田市河合町３,1K,5.8万円,3階
ヴェルティック,愛知県豊田市河合町３,1K,5.9万円,4階
ヴェルティック,愛知県豊田市河合町３,1K,5.9万円,5階
平山グランドマンション,愛知県豊田市平山町５,2LDK,6.5万円,4階
平山グランドマンション,愛知県豊田市平山町５,3LDK,6.5万円,2階
平山グランドマンション,愛知県豊田市平山町５,3LDK,6.5万円,2階
平山グランドマンション,愛知県豊田市平山町５,2LDK,6.5万円,4階
エミナンスＫＡＴＯ　Ａ棟,愛知県豊田市高岡町女松山,2K,5.5万円,1階
エミナンスＫＡＴＯ　Ａ棟,愛知県豊田市高岡町女松山,1LDK,5.5万円,2階
すまいる美里,愛知県豊田市美里４,1K,4.8万円,2階
すまいる美里,愛知県豊田市美里４,1K,4.8万円,2階
すまいる美里,愛知県豊田市美里４,1K,4.9万円,3階
ドミール豊,愛知県豊田市大島町豊,ワンルーム,4万円,1階
ドミール豊,愛知県豊田市大島町豊,ワンルーム,4万円,1階
ドミール豊,愛知県豊田市大島町豊,ワンルーム,4.2万円,4階
ステップX,愛知県豊田市井上町２,3LDK,7.3万円,3階
名鉄三河線 平戸橋駅 3階建 築11年,愛知県豊田市青木町３,2LDK,7.5万円,2階
名鉄三河線 平戸橋駅 3階建 築11年,愛知県豊田市青木町３,3LDK,8.4万円,2階
Future Tsuchihashi,愛知県豊田市土橋町７,1LDK,6.2万円,2階
愛知環状鉄道 三河豊田駅 2階建 築15年,愛知県豊田市大林町２,2DK,6.5万円,2階
愛知環状鉄道 三河豊田駅 2階建 築15年,愛知県豊田市大林町２,2DK,6.7万円,1階
名鉄豊田線 浄水駅 2階建 築16年,愛知県豊田市浄水町伊保原,3LDK,8.2万円,1階
コムフォート　Ｂ,愛知県豊田市桝塚西町北小畔,1LDK,6.15万円,1階
コムフォート　Ｂ,愛知県豊田市桝塚西町北小畔,1LDK,6.45万円,1階
愛知環状鉄道 三河上郷駅 3階建 築12年,愛知県豊田市桝塚西町北小畔,1LDK,6.15万円,1-2階
スマイルＭ＆Ｅ　西館,愛知県豊田市浄水町伊保原,3LDK,8.2万円,1階
グリーンハイム住吉,愛知県豊田市住吉町丸山,2DK,6.1万円,1階
えくら,愛知県豊田市山之手３,1LDK,6.2万円,1階
ホワイトホーク,愛知県豊田市上原町西山,2LDK,6.6万円,3階
名鉄豊田線 上豊田駅 3階建 築19年,愛知県豊田市上原町西山,2LDK,6.6万円,3階
Ｔ－メゾンＢ棟,愛知県豊田市桝塚東町西郷前,2LDK,7.2万円,1-2階
名鉄豊田線 浄水駅 2階建 築16年,愛知県豊田市浄水町伊保原,2LDK,7.5万円,1-2階
ＣＯＵＲＴ ＧＲＥＥＮ ＨＩＬＬ A,愛知県豊田市緑ケ丘１,2LDK,6.2万円,1階
ＣＯＵＲＴ ＧＲＥＥＮ ＨＩＬＬ A,愛知県豊田市緑ケ丘１,2LDK,6.5万円,1-2階
愛知環状鉄道 三河上郷駅 2階建 築18年,愛知県豊田市上郷町会下山,1LDK,5.9万円,2階
Jack yamanote I,愛知県豊田市山之手３,1LDK,6.4万円,1階
Jack yamanote I,愛知県豊田市山之手３,1LDK,6.4万円,1階
Jack yamanote I,愛知県豊田市山之手３,1LDK,6.4万円,1階
Jack yamanote I,愛知県豊田市山之手３,1LDK,6.5万円,2階
Jack yamanote I,愛知県豊田市山之手３,1LDK,6.5万円,2階
Jack yamanote I,愛知県豊田市山之手３,1LDK,6.5万円,2階
Jack yamanote I,愛知県豊田市山之手３,1LDK,6.6万円,3階
Jack yamanote I,愛知県豊田市山之手３,1LDK,6.6万円,3階
Jack yamanote I,愛知県豊田市山之手３,1LDK,6.6万円,3階
愛知環状鉄道 三河豊田駅 2階建 築11年,愛知県豊田市緑ケ丘７,2LDK,7.7万円,1-2階
メゾンヌフファミーエ　IV,愛知県豊田市越戸町松葉,1LDK,7.2万円,1階
スマイルＭ＆Ｅ　東館,愛知県豊田市浄水町伊保原,2LDK,7.5万円,1-2階
名鉄三河線 上挙母駅 2階建 築19年,愛知県豊田市下市場町４,2LDK,6.8万円,1-2階
（仮称）D-room豊田市東梅坪町10丁目,愛知県豊田市東梅坪町１,1LDK,6.9万円,1階
（仮称）D-room豊田市東梅坪町10丁目,愛知県豊田市東梅坪町１,1LDK,6.9万円,1階
（仮称）D-room豊田市東梅坪町10丁目,愛知県豊田市東梅坪町１,1LDK,7万円,2階
（仮称）D-room豊田市東梅坪町10丁目,愛知県豊田市東梅坪町１,1LDK,7万円,2階
（仮称）D-room豊田市東梅坪町10丁目,愛知県豊田市東梅坪町１,1LDK,7万円,2階
（仮称）D-room豊田市東梅坪町10丁目,愛知県豊田市東梅坪町１,1LDK,7.1万円,3階
（仮称）D-room豊田市東梅坪町10丁目,愛知県豊田市東梅坪町１,1LDK,7.1万円,3階
（仮称）D-room豊田市東梅坪町10丁目,愛知県豊田市東梅坪町１,1LDK,7.1万円,3階
（仮称）D-room豊田市東梅坪町10丁目,愛知県豊田市東梅坪町１,1LDK,7.1万円,3階
仮称）D-room豊田市東梅坪町10丁目,愛知県豊田市東梅坪町１０,1LDK,6.9万円,1階
仮称）D-room豊田市東梅坪町10丁目,愛知県豊田市東梅坪町１０,1LDK,6.9万円,1階
仮称）D-room豊田市東梅坪町10丁目,愛知県豊田市東梅坪町１０,1LDK,6.9万円,1階
仮称）D-room豊田市東梅坪町10丁目,愛知県豊田市東梅坪町１０,1LDK,6.9万円,1階
仮称）D-room豊田市東梅坪町10丁目,愛知県豊田市東梅坪町１０,1LDK,7万円,2階
仮称）D-room豊田市東梅坪町10丁目,愛知県豊田市東梅坪町１０,1LDK,7万円,2階
仮称）D-room豊田市東梅坪町10丁目,愛知県豊田市東梅坪町１０,1LDK,7万円,2階
仮称）D-room豊田市東梅坪町10丁目,愛知県豊田市東梅坪町１０,1LDK,7万円,2階
仮称）D-room豊田市東梅坪町10丁目,愛知県豊田市東梅坪町１０,1LDK,7.1万円,3階
仮称）D-room豊田市東梅坪町10丁目,愛知県豊田市東梅坪町１０,1LDK,7.1万円,3階
仮称）D-room豊田市東梅坪町10丁目,愛知県豊田市東梅坪町１０,1LDK,7.1万円,3階
仮称）D-room豊田市東梅坪町10丁目,愛知県豊田市東梅坪町１０,1LDK,7.1万円,2階
名鉄豊田線 梅坪駅 3階建 新築,愛知県豊田市東梅坪町１,1LDK,7万円,2階
ヴィラ・エスポワール,愛知県豊田市司町４,2K,6.85万円,1階
ヴィラ・エスポワール,愛知県豊田市司町４,1LDK,7.65万円,2階
名鉄三河線 越戸駅 2階建 築4年,愛知県豊田市越戸町松葉,1LDK,7.2万円,1階
マカリイ,愛知県豊田市土橋町４,2LDK,7.7万円,2階
マカリイ,愛知県豊田市土橋町４,2LDK,8万円,1階
マカリイ,愛知県豊田市土橋町４,2LDK,8万円,1階
マカリイ,愛知県豊田市土橋町４,2LDK,8.2万円,3階
マカリイ,愛知県豊田市土橋町４,2LDK,8.25万円,5階
マカリイ,愛知県豊田市土橋町４,2LDK,8.75万円,5階
マカリイ,愛知県豊田市土橋町４,2LDK,8.85万円,7階
マカリイ,愛知県豊田市土橋町４,2LDK,8.95万円,7階
名鉄三河線 上挙母駅 2階建 築19年,愛知県豊田市下市場町４,2LDK,6.9万円,1階
名鉄三河線 上挙母駅 2階建 築19年,愛知県豊田市下市場町４,2LDK,6.9万円,1-2階
ファミーユＣ,愛知県豊田市平戸橋町寺前,2K,5.8万円,1階
エクセレントクリア,愛知県豊田市豊栄町４,2LDK,7.8万円,1階
エクセレントクリア,愛知県豊田市豊栄町４,2LDK,8.2万円,4階
エクセレントクリア,愛知県豊田市豊栄町４,2LDK,8.5万円,4階
レオパレス浄水,愛知県豊田市浄水町伊保原,1K,5.4万円,2階
レオパレス浄水,愛知県豊田市浄水町伊保原,1K,5.5万円,2階
リベルテ京町,愛知県豊田市京町１,2LDK,6.8万円,2階
シュティル.スダ,愛知県豊田市荒井町寿田,1K,5.45万円,2階
アーバンポイント豊田,愛知県豊田市元城町１,1K,5.4万円,2階
アーバンポイント豊田,愛知県豊田市元城町１,1K,5.6万円,7階
名鉄三河線 土橋駅 3階建 新築,愛知県豊田市土橋町８,1K,6.4万円,1階
名鉄三河線 土橋駅 3階建 新築,愛知県豊田市土橋町８,1K,6.4万円,1階
名鉄三河線 土橋駅 3階建 新築,愛知県豊田市土橋町８,1K,6.4万円,1階
名鉄三河線 土橋駅 3階建 新築,愛知県豊田市土橋町８,1K,6.4万円,1階
名鉄三河線 土橋駅 3階建 新築,愛知県豊田市土橋町８,1K,6.4万円,1階
名鉄三河線 土橋駅 3階建 新築,愛知県豊田市土橋町８,1K,6.5万円,3階
名鉄三河線 土橋駅 3階建 新築,愛知県豊田市土橋町８,1K,6.5万円,3階
名鉄三河線 土橋駅 3階建 新築,愛知県豊田市土橋町８,1K,6.5万円,3階
名鉄三河線 土橋駅 3階建 新築,愛知県豊田市土橋町８,1K,6.5万円,2階
名鉄三河線 土橋駅 3階建 新築,愛知県豊田市土橋町８,1K,6.5万円,3階
名鉄三河線 土橋駅 3階建 新築,愛知県豊田市土橋町８,1K,6.5万円,2階
名鉄三河線 土橋駅 3階建 新築,愛知県豊田市土橋町８,1K,6.5万円,2階
名鉄三河線 土橋駅 3階建 新築,愛知県豊田市土橋町８,1K,6.5万円,2階
名鉄三河線 土橋駅 3階建 新築,愛知県豊田市土橋町８,1K,6.7万円,2階
名鉄三河線 土橋駅 3階建 新築,愛知県豊田市土橋町８,1K,6.8万円,3階
名鉄三河線 土橋駅 3階建 新築,愛知県豊田市土橋町８,1K,6.8万円,3階
愛知環状鉄道 三河上郷駅 2階建 築14年,愛知県豊田市上郷町４,2LDK,7.9万円,1階
アルバニー浄水Ａ,愛知県豊田市浄水町伊保原,1LDK,6.95万円,1階
グランテラス豊田,愛知県豊田市神田町２,1K,6.1万円,2階
グランテラス豊田,愛知県豊田市神田町２,1K,6.2万円,3階
グランテラス豊田,愛知県豊田市神田町２,1K,6.3万円,5階
グランテラス豊田,愛知県豊田市神田町２,1K,6.3万円,4階
グランテラス豊田,愛知県豊田市神田町２,1K,6.3万円,6階
グランテラス豊田,愛知県豊田市神田町２,1K,6.3万円,8階
グランテラス豊田,愛知県豊田市神田町２,1K,6.4万円,2階
グランテラス豊田,愛知県豊田市神田町２,1K,6.4万円,4階
グランテラス豊田,愛知県豊田市神田町２,1K,6.4万円,7階
グランテラス豊田,愛知県豊田市神田町２,1K,6.4万円,6階
グランテラス豊田,愛知県豊田市神田町２,1K,6.4万円,8階
グランテラス豊田,愛知県豊田市神田町２,1K,6.4万円,9階
グランテラス豊田,愛知県豊田市神田町２,1K,6.5万円,5階
グランテラス豊田,愛知県豊田市神田町２,1K,6.5万円,4階
グランテラス豊田,愛知県豊田市神田町２,1K,6.5万円,9階
グランテラス豊田,愛知県豊田市神田町２,1K,6.6万円,6階
グランテラス豊田,愛知県豊田市神田町２,1K,6.6万円,7階
愛知環状鉄道 三河豊田駅 4階建 築16年,愛知県豊田市豊栄町１,1K,5.6万円,4階
愛知環状鉄道 三河豊田駅 4階建 築16年,愛知県豊田市豊栄町１,1K,5.6万円,2階
フローラ小坂,愛知県豊田市小坂町９,2LDK,7.5万円,4階
フローラ小坂,愛知県豊田市小坂町９,2LDK,7.5万円,3階
愛知環状鉄道 新豊田駅 3階建 築9年,愛知県豊田市若宮町４,1LDK,7.3万円,2階
愛知環状鉄道 新豊田駅 3階建 築9年,愛知県豊田市若宮町４,1LDK,7.4万円,3階
シエル　エトワールＢ,愛知県豊田市寺部町１,2LDK,7.1万円,2階
名鉄豊田線 梅坪駅 4階建 築21年,愛知県豊田市京町１,2LDK,6.6万円,2階
レオパレス錦,愛知県豊田市錦町１,1K,5.4万円,1階
レオパレス錦,愛知県豊田市錦町１,1K,5.6万円,2階
名鉄三河線 土橋駅 6階建 築4年,愛知県豊田市土橋町４,1K,6.2万円,4階
名鉄三河線 土橋駅 6階建 築4年,愛知県豊田市土橋町４,1K,6.3万円,6階
名鉄三河線 土橋駅 6階建 築4年,愛知県豊田市土橋町４,1K,6.35万円,4階
名鉄三河線 土橋駅 6階建 築4年,愛知県豊田市土橋町４,1K,6.35万円,5階
名鉄三河線 豊田市駅 3階建 築16年,愛知県豊田市昭和町２,1K,5.6万円,1階
名鉄三河線 豊田市駅 3階建 築16年,愛知県豊田市昭和町２,1K,5.6万円,1階
名鉄三河線 豊田市駅 3階建 築16年,愛知県豊田市昭和町２,1K,6万円,3階
名鉄三河線 越戸駅 3階建 築16年,愛知県豊田市荒井町下原,1K,4.8万円,3階
名鉄三河線 越戸駅 3階建 築16年,愛知県豊田市荒井町下原,1K,4.9万円,3階
名鉄三河線 越戸駅 3階建 築16年,愛知県豊田市荒井町下原,1K,4.9万円,3階
名鉄三河線 越戸駅 3階建 築16年,愛知県豊田市荒井町下原,1K,5.4万円,3階
名鉄三河線 越戸駅 3階建 築16年,愛知県豊田市荒井町下原,1K,5.4万円,3階
シアンメリー,愛知県豊田市荒井町下原,1K,4.9万円,3階
シアンメリー,愛知県豊田市荒井町下原,1K,4.9万円,3階
シアンメリー,愛知県豊田市荒井町下原,1K,5.4万円,3階
名鉄三河線 豊田市駅 2階建 築19年,愛知県豊田市小坂町４,2LDK,6.8万円,1階
名鉄三河線 豊田市駅 2階建 築19年,愛知県豊田市小坂町４,2LDK,7万円,1-2階
名鉄三河線 豊田市駅 2階建 築19年,愛知県豊田市小坂町４,2LDK,7万円,1階
ビラ・モツアルト,愛知県豊田市大林町１１,3LDK,6.4万円,2階
ビラ・モツアルト,愛知県豊田市大林町１１,2LDK,6.5万円,3階
エルディエス,愛知県豊田市浄水町伊保原,1LDK,6.95万円,1階
ヒルズ花園,愛知県豊田市花園町小泉,2LDK,8.8万円,3階
名鉄三河線 土橋駅 2階建 築16年,愛知県豊田市竜神町美和,1K,5.8万円,1階
名鉄三河線 土橋駅 3階建 築3年,愛知県豊田市土橋町３,ワンルーム,6.1万円,3階
ライズヒルＢ,愛知県豊田市平芝町３,1K,5.4万円,2階
名鉄三河線 梅坪駅 2階建 築16年,愛知県豊田市平芝町３,1K,5.4万円,2階
ステップVII,愛知県豊田市井上町２,3DK,7万円,3階
グリーンヒルズ吉原,愛知県豊田市吉原町平池,1LDK,6.8万円,2階
カーサ　フェリーチェＤ,愛知県豊田市曙町３,1K,6.2万円,1階
カーサ　フェリーチェＤ,愛知県豊田市曙町３,1K,6.5万円,1階
Passive House32,愛知県豊田市若林西町宮下,1K,5.3万円,3階
Passive House32,愛知県豊田市若林西町宮下,1K,5.3万円,1階
Passive House32,愛知県豊田市若林西町宮下,1K,5.6万円,4階
Passive House32,愛知県豊田市若林西町宮下,1K,5.7万円,4階
名鉄豊田線 浄水駅 6階建 築15年,愛知県豊田市浄水町南平,ワンルーム,5.5万円,2階
名鉄豊田線 浄水駅 6階建 築15年,愛知県豊田市浄水町南平,ワンルーム,6.4万円,4階
名鉄豊田線 浄水駅 6階建 築15年,愛知県豊田市浄水町南平,ワンルーム,6.5万円,5階
名鉄三河線 土橋駅 3階建 新築,愛知県豊田市土橋町３,ワンルーム,6.6万円,2階
名鉄三河線 土橋駅 3階建 新築,愛知県豊田市土橋町３,ワンルーム,6.6万円,2階
名鉄三河線 土橋駅 3階建 新築,愛知県豊田市土橋町３,1K,6.6万円,2階
名鉄三河線 土橋駅 3階建 新築,愛知県豊田市土橋町３,ワンルーム,6.6万円,2階
名鉄三河線 土橋駅 3階建 新築,愛知県豊田市土橋町３,1K,6.6万円,2階
ＧＲＡＮＤ　D－ｒｏｏｍ京町,愛知県豊田市京町７,1K,5.3万円,2階
ＧＲＡＮＤ　D－ｒｏｏｍ京町,愛知県豊田市京町７,1K,6.4万円,2階
ＧＲＡＮＤ　D－ｒｏｏｍ京町,愛知県豊田市京町７,1LDK,7.4万円,1階
Ｌｉｅｎ　Ｊ．Ｍ．Ｙ．Ｔ,愛知県豊田市松ケ枝町３,1LDK,8万円,2階
名鉄三河線 若林駅 4階建 築28年,愛知県豊田市若林西町六反ケ坪,3LDK,7.4万円,4階
Ｐ・Ｓ・Ｈ,愛知県豊田市花園町,1K,6万円,3階
ヴァンクール豊田,愛知県豊田市喜多町４,1K,4.85万円,2階
ヴァンクール豊田,愛知県豊田市喜多町４,1K,5.1万円,2階
ヴァンクール豊田,愛知県豊田市喜多町４,1K,5.4万円,6階
ヴァンクール豊田,愛知県豊田市喜多町４,1K,5.5万円,9階
ヴァンクール豊田,愛知県豊田市喜多町４,1K,5.5万円,7階
ヴァンクール豊田,愛知県豊田市喜多町４,1K,5.5万円,10階
ヴァンクール豊田,愛知県豊田市喜多町４,1K,5.6万円,10階
